FID,fid,the_geom,sample_num,site_name,eastings,Northings,Geology,Rock,Catchment,soil_87sr,_2se,plant_87sr,_2se_1,sp,combined_8
CapeYork_soilplant.1,1,POINT (141.14554 -17.4533),1,Maggieville,141.14554,-17.4533,T3,Alluvial,Norman,0.7297,0.000009,0.728399,0.000007,0.000651,0.729049
CapeYork_soilplant.2,2,POINT (140.8519 -17.474849),2,Karumba,140.8519,-17.474849,QC,Marine Sands,Norman,0.709262,0.000008,0.709471,0.000009,-0.000104,0.709366
CapeYork_soilplant.3,3,POINT (141.05485 -17.69346),3,Normanton,141.05485,-17.69346,K,Clastic,Norman,0.715791,0.000012,0.716091,0.000008,-0.000149,0.715941
CapeYork_soilplant.4,4,POINT (141.5437 -17.97462),4,T3/Qa,141.5437,-17.97462,T3,Alluvial,Norman,0.728594,0.000009,0.727881,0.00001,0.000356,0.728237
CapeYork_soilplant.5,5,POINT (142.00959 -18.04558),5,Qa/T3,142.00959,-18.04558,T3,Alluvial,Norman,0.736993,0.000019,0.734961,0.000013,0.001016,0.735977
CapeYork_soilplant.6,6,POINT (142.23874 -18.18963),6,Croydon,142.23874,-18.18963,mPi,Felsic Extrusives,Norman,0.791074,0.000022,0.782212,0.000012,0.004431,0.786643
CapeYork_soilplant.7,7,POINT (142.686256 -18.27315),7,Five Mile Water Hole,142.686256,-18.27315,mPv,High Grade Metamorphic,Gilbert,0.775708,0.000013,0.778955,0.00001,-0.001623,0.777331
CapeYork_soilplant.8,8,POINT (142.89252 -18.19044),8,Chadshunt Turnoff,142.89252,-18.19044,Qa,Alluvial,Gilbert,0.734764,0.00001,0.734853,0.000011,-0.000044,0.734808
CapeYork_soilplant.9,9,POINT (142.66583 -17.95971),9,Strathmore Front Gate,142.66583,-17.95971,T2,Alluvial,Gilbert,0.737509,0.000023,0.738346,0.000009,-0.000418,0.737927
CapeYork_soilplant.10,10,POINT (145.42091 -16.433754),10,Mossman,145.42091,-16.433754,D,Clastic,Mossman,0.714793,0.000013,0.715513,0.000012,-0.000359,0.715153
CapeYork_soilplant.11,11,POINT (145.651122 -16.825982),11,Cairns Hinterland,145.651122,-16.825982,D,Clastic,Barron,0.715356,0.000012,0.719205,0.00001,-0.001924,0.71728
CapeYork_soilplant.12,12,POINT (145.40421 -16.99433),12,Mareeba,145.40421,-16.99433,CZV,Mafic Volcanic,Barron,0.716044,0.000014,0.715773,0.00001,0.000135,0.715908
CapeYork_soilplant.13,13,POINT (145.08621 -17.16276),13,Dimbula,145.08621,-17.16276,CPv,Felsic Extrusives,Mitchell,0.741936,0.000013,0.741189,0.00001,0.000373,0.741562
CapeYork_soilplant.14,14,POINT (144.66759 -17.34796),14,Almadden,144.66759,-17.34796,Cpi,Felsic Intrusive,Mitchell,0.709645,0.000015,0.713341,0.00001,-0.001847,0.711493
CapeYork_soilplant.15,15,POINT (144.29944 -16.99138),15,Rookwood,144.29944,-16.99138,D,Clastic,Mitchell,0.718266,0.00001,0.718904,0.000013,-0.000319,0.718584
CapeYork_soilplant.16,16,POINT (144.3566 -16.89977),16,"Nychum, Gate to station",144.3566,-16.89977,CPv,Felsic Extrusives,Mitchell,0.74043,0.000018,0.736224,0.000014,0.002102,0.738326
CapeYork_soilplant.17,17,POINT (144.13348 -16.59735),17,Bellevue,144.13348,-16.59735,SD,Carbonates,Mitchell,0.729194,0.000009,0.727514,0.000012,0.000839,0.728353
CapeYork_soilplant.18,18,POINT (143.96683 -16.39162),18,Mt Mulgrave,143.96683,-16.39162,pP,High Grade Metamorphic,Mitchell,0.739381,0.00001,0.741781,0.00001,-0.001199,0.740581
CapeYork_soilplant.19,19,POINT (143.68091 -16.55566),19,Gamboola,143.68091,-16.55566,K,Clastic,Mitchell,0.723922,0.000012,0.724194,0.000012,-0.000135,0.724058
CapeYork_soilplant.20,20,POINT (143.13234 -16.43779),20,Highbury Station Turnoff,143.13234,-16.43779,Qa,Alluvial,Mitchell,0.732568,0.000045,0.713427,0.000011,0.00957,0.722997
CapeYork_soilplant.21,21,POINT (142.39482 -16.02063),21,Dunbar,142.39482,-16.02063,Qa,Alluvial,Mitchell,0.733127,0.000009,0.734345,0.000011,-0.000608,0.733736
CapeYork_soilplant.22,22,POINT (141.78217 -15.55214),22,Kowanyama Front Gate,141.78217,-15.55214,Qa,Alluvial,Mitchell,0.730649,0.000013,0.73116,0.000012,-0.000255,0.730904
CapeYork_soilplant.23,23,POINT (141.90888 -15.298407),23,Topsy Creek,141.90888,-15.298407,Qa,Alluvial,Mitchell,0.730292,0.000012,0.729106,0.00001,0.000593,0.729699
CapeYork_soilplant.24,24,POINT (141.92017 -15.73436),24,Rutland Plains,141.92017,-15.73436,Qa,Alluvial,Mitchell,0.733828,0.000022,0.732365,0.000013,0.000731,0.733096
CapeYork_soilplant.25,25,POINT (142.44331 -15.89755),25,Koolatah,142.44331,-15.89755,Qa,Alluvial,Mitchell,0.736199,0.000014,0.736119,0.000009,0.000039,0.736158
CapeYork_soilplant.26,26,POINT (142.9218 -15.40484),26,Oriners,142.9218,-15.40484,Qa,Alluvial,Mitchell,0.730497,0.000014,0.731142,0.00001,-0.000322,0.730819
CapeYork_soilplant.27,27,POINT (143.50755 -15.47919),27,Kilarney,143.50755,-15.47919,pP,High Grade Metamorphic,Mitchell,0.72477,0.000014,0.793561,0.000011,-0.034395,0.759165
CapeYork_soilplant.28,28,POINT (143.51836 -15.8674),28,King Junction,143.51836,-15.8674,Qa,Alluvial,Mitchell,0.732223,0.000017,0.734062,0.000011,-0.000919,0.733142
CapeYork_soilplant.29,29,POINT (143.57552 -15.74367),29,King Junction Gate,143.57552,-15.74367,pP,High Grade Metamorphic,Mitchell,0.765411,0.000013,0.763707,0.000011,0.000851,0.764559
CapeYork_soilplant.30,30,POINT (143.62865 -15.57904),30,Pinnacles,143.62865,-15.57904,Cz,Colluvial/Residual,Mitchell,0.718135,0.000172,0.716614,0.000011,0.00076,0.717374
CapeYork_soilplant.31,31,POINT (144.05037 -15.77005),31,Fairlight,144.05037,-15.77005,O1,Clastic,Normanby,0.715804,0.00001,0.715453,0.000011,0.000175,0.715628
CapeYork_soilplant.32,32,POINT (144.08618 -15.97301),32,Palmerville,144.08618,-15.97301,O1,Clastic,Mitchell,0.711566,0.000009,0.711363,0.000009,0.000101,0.711464
CapeYork_soilplant.33,33,POINT (144.313288 -16.100357),33,The Granite,144.313288,-16.100357,D,Clastic,Mitchell,0.766385,0.000014,0.767212,0.000012,-0.000413,0.766798
CapeYork_soilplant.34,34,POINT (144.724749 -16.23481),34,Maitland Downs,144.724749,-16.23481,Qa,Alluvial,Mitchell,0.733282,0.000011,0.733374,0.000011,-0.000046,0.733327
CapeYork_soilplant.35,35,POINT (144.833669 -16.780972),35,Mt Mulligan,144.833669,-16.780972,D,Clastic,Mitchell,0.735174,0.000013,0.73534,0.00001,-0.000083,0.735256
CapeYork_soilplant.36,36,POINT (144.857889 -15.863778),36,Lakeland,144.857889,-15.863778,CzV,Mafic Volcanic,Normanby,0.715254,0.000009,0.713926,0.000009,0.000663,0.714589
CapeYork_soilplant.37,37,POINT (144.430528 -15.550722),37,Laura,144.430528,-15.550722,Qa,Alluvial,Normanby,0.725491,0.000011,0.725219,0.00001,0.000136,0.725355
CapeYork_soilplant.38,38,POINT (143.874317 -15.191372),38,Hahn River,143.874317,-15.191372,Cz,Colluvial/Residual,Normanby,0.715099,0.000009,0.715681,0.000015,-0.00029,0.71539
CapeYork_soilplant.39,39,POINT (143.326733 -15.104369),39,Dixie Station,143.326733,-15.104369,Dei,Felsic Intrusive,Normanby,0.738809,0.000017,0.739936,0.00001,-0.000563,0.739372
CapeYork_soilplant.40,40,POINT (143.503139 -14.784917),40,Musgrave,143.503139,-14.784917,Qa,Alluvial,Normanby,0.74427,0.000016,0.745481,0.000013,-0.000605,0.744875
CapeYork_soilplant.41,41,POINT (143.271 -14.84425),41,Glen Garland,143.271,-14.84425,Dei,Felsic Intrusive,Coleman,0.731744,0.000011,0.73149,0.000011,0.000126,0.731616
CapeYork_soilplant.42,42,POINT (142.933056 -14.846111),42,Strathhaven,142.933056,-14.846111,mP,High Grade Metamorphic,Coleman,0.734319,0.000039,0.744338,0.000013,-0.005009,0.739328
CapeYork_soilplant.43,43,POINT (142.799066 -14.876094),43,Strathmay,142.799066,-14.876094,K,Clastic,Coleman,0.720645,0.000011,0.720598,0.00001,0.000023,0.720621
CapeYork_soilplant.44,44,POINT (142.42825 -14.771111),44,Strathgordon,142.42825,-14.771111,T2,Alluvial,Coleman,0.741573,0.00001,0.743009,0.000012,-0.000718,0.742291
CapeYork_soilplant.45,45,POINT (142.088583 -14.779528),45,Pompuraaw Boundary,142.088583,-14.779528,Qa,Alluvial,Coleman,0.735155,0.00002,0.735635,0.000013,-0.000239,0.735395
CapeYork_soilplant.46,46,POINT (142.125833 -14.628917),46,Southwell,142.125833,-14.628917,T2,Alluvial,Coleman,0.741776,0.000016,0.738008,0.000012,0.001884,0.739892
CapeYork_soilplant.47,47,POINT (143.655472 -14.609194),47,Lilyvale,143.655472,-14.609194,Qa,Alluvial,Normanby,0.740152,0.000013,0.740689,0.000011,-0.000268,0.74042
CapeYork_soilplant.48,48,POINT (143.678527 -14.487959),48,Running Creek,143.678527,-14.487959,Qa,Alluvial,Stewart,0.725225,0.000065,0.72567,0.000013,-0.000222,0.725447
CapeYork_soilplant.49,49,POINT (143.68075 -14.075778),49,Port Stewart,143.68075,-14.075778,Qc,Marine Sands,Stewart,0.710177,0.000013,0.718414,0.000011,-0.004118,0.714295
CapeYork_soilplant.50,50,POINT (143.223583 -13.972233),50,Coen,143.223583,-13.972233,Dei,Felsic Intrusive,Archer,0.744082,0.000011,0.740984,0.00001,0.001549,0.742533
CapeYork_soilplant.51,51,POINT (142.707165 -13.432068),51,Ten Mile Junction,142.707165,-13.432068,Qa,Alluvial,Archer,0.731448,0.000014,0.731516,0.000013,-0.000033,0.731482
CapeYork_soilplant.52,52,POINT (142.66698 -13.64386),52,Rokeby,142.66698,-13.64386,K,Clastic,Archer,0.715978,0.000027,0.715892,0.00001,0.000043,0.715935
CapeYork_soilplant.53,53,POINT (143.123564 -13.749004),53,Coen Airport,143.123564,-13.749004,Dei,Felsic Intrusive,Archer,0.735188,0.000041,0.739528,0.000011,-0.00217,0.737358
CapeYork_soilplant.54,54,POINT (142.94035 -13.434167),54,Archer River,142.94035,-13.434167,Dei,Felsic Intrusive,Archer,0.735212,0.00001,0.738397,0.000011,-0.001592,0.736804
CapeYork_soilplant.55,55,POINT (143.05344 -13.35832),55,Old Mine,143.05344,-13.35832,Dei,Felsic Intrusive,Archer,0.732309,0.000013,0.7302,0.000009,0.001054,0.731254
CapeYork_soilplant.56,56,POINT (142.840067 -13.284983),56,Wolverton,142.840067,-13.284983,K,Clastic,Archer,0.714479,0.000011,0.714281,0.000009,0.000098,0.714379
CapeYork_soilplant.57,57,POINT (142.7679 -13.075183),57,Telegraph Rd intersection,142.7679,-13.075183,K,Clastic,Archer,0.709923,0.00001,0.710204,0.000011,-0.00014,0.710063
CapeYork_soilplant.58,58,POINT (142.405796 -12.946081),58,Aurukun Turnoff,142.405796,-12.946081,K,Clastic,Embley,0.708328,0.000008,0.70812,0.000011,0.000104,0.708223
CapeYork_soilplant.59,59,POINT (142.373972 -12.724472),59,York,142.373972,-12.724472,K,Clastic,Embley,0.707541,0.000011,0.707406,0.000011,0.000067,0.707473
CapeYork_soilplant.60,60,POINT (142.640472 -12.452771),60,Moreton Telegraph Station,142.640472,-12.452771,K,Clastic,Wentlock,0.718464,0.000015,0.717654,0.000009,0.000404,0.718058
CapeYork_soilplant.61,61,POINT (142.631708 -11.935627),61,Shellburne,142.631708,-11.935627,K,Clastic,Jacky Jacky,0.712457,0.000012,0.712662,0.000011,-0.000102,0.712559
CapeYork_soilplant.62,62,POINT (142.583358 -11.739667),62,Heathlands,142.583358,-11.739667,JK,Clastic,Ducie,0.709725,0.000041,0.709628,0.00001,0.000048,0.709676
CapeYork_soilplant.63,63,POINT (142.854565 -11.630731),63,Captain Billy Landing,142.854565,-11.630731,Qcd,Marine Sands,Jacky Jacky,0.709353,0.000021,0.709286,0.000009,0.000033,0.709319
CapeYork_soilplant.64,64,POINT (142.4335 -11.441139),64,Fruit Bat Falls,142.4335,-11.441139,JK,Clastic,Jardine,0.711228,0.000008,0.711238,0.00001,-0.000004,0.711233
CapeYork_soilplant.65,65,POINT (141.895917 -12.219278),65,Clough Landing,141.895917,-12.219278,Qc,Marine Sands,Embley,0.709568,0.000012,0.709657,0.000008,-0.000044,0.709612
CapeYork_soilplant.66,66,POINT (141.927916 -12.442552),66,Red Beach Rd,141.927916,-12.442552,Czb,Residual,Embley,0.709083,0.000012,0.709069,0.00001,0.000006,0.709075
CapeYork_soilplant.67,67,POINT (141.882688 -11.985831),67,Mapoon,141.882688,-11.985831,Czb,Residual,Ducie,0.709204,0.000011,0.709201,0.000008,0.000001,0.709202
CapeYork_soilplant.68,68,POINT (141.86445 -12.332649),68,Pennefather River,141.86445,-12.332649,Czb,Residual,Embley,0.709643,0.000011,0.709605,0.000011,0.000019,0.709624
CapeYork_soilplant.69,69,POINT (142.333419 -11.312778),69,Vrilya Point,142.333419,-11.312778,JK,Clastic,Jardine,0.710044,0.00003,0.709996,0.000009,0.000024,0.71002
CapeYork_soilplant.70,70,POINT (142.783567 -11.166472),70,Usher Point,142.783567,-11.166472,Qcd,Marine Sands,Jacky Jacky,0.709407,0.000012,0.709397,0.00001,0.000004,0.709402
CapeYork_soilplant.71,71,POINT (142.346167 -10.886306),71,Umagico,142.346167,-10.886306,Czb,Residual,Jacky Jacky,0.711659,0.00001,0.71099,0.00001,0.000334,0.711324
CapeYork_soilplant.72,72,POINT (142.316917 -10.953417),72,Muttee Head,142.316917,-10.953417,Cz,Colluvial/Residual,Jacky Jacky,0.712103,0.000014,0.709397,0.00001,0.001352,0.71075
CapeYork_soilplant.73,73,POINT (142.723778 -12.429222),73,Bromley,142.723778,-12.429222,K,Clastic,Wentlock,0.711315,0.000011,0.712038,0.000008,-0.000361,0.711676
CapeYork_soilplant.74,74,POINT (143.024556 -12.701583),74,Frenchmans Track,143.024556,-12.701583,Jk,Clastic,Olive-Pascoe,0.712801,0.000017,0.713484,0.000009,-0.000341,0.713142
CapeYork_soilplant.75,75,POINT (143.281778 -12.744806),75,Lockhart River,143.281778,-12.744806,nPE,Low Grade Metamorphic,Lockhart,0.719756,0.00001,0.720497,0.000011,-0.00037,0.720126
CapeYork_soilplant.76,76,POINT (143.423667 -12.629194),76,Cape Weymouth,143.423667,-12.629194,Qcd,Marine Sands,Lockhart,0.711782,0.000011,0.711187,0.000011,0.000297,0.711484
CapeYork_soilplant.77,77,POINT (142.939306 -13.088417),77,Batavia Goldfield,142.939306,-13.088417,Dei,Felsic Intrusive,Archer,0.729474,0.000008,0.729777,0.00001,-0.000151,0.729625
CapeYork_soilplant.78,78,POINT (143.315194 -14.301417),78,Ebagoola,143.315194,-14.301417,Dei,Felsic Intrusive,Holroyd,0.740908,0.000016,0.741492,0.000011,-0.000291,0.7412
CapeYork_soilplant.79,79,POINT (142.726556 -14.173056),79,Holroyd,142.726556,-14.173056,K,Clastic,Holroyd,0.71721,0.000014,0.717122,0.000009,0.000044,0.717166
CapeYork_soilplant.80,80,POINT (143.59425 -14.73375),80,Violetvale,143.59425,-14.73375,Qa,Alluvial,Normanby,0.726001,0.00001,0.726886,0.00001,-0.000442,0.726443
CapeYork_soilplant.81,81,POINT (143.839611 -14.519167),81,Marina Plains,143.839611,-14.519167,Cz,Colluvial/Residual,Normanby,0.714366,0.00001,0.713712,0.00001,0.000326,0.714038
CapeYork_soilplant.82,82,POINT (144.028972 -14.741278),82,Bizant,144.028972,-14.741278,Qa,Alluvial,Normanby,0.734735,0.000023,0.733846,0.000011,0.000444,0.73429
CapeYork_soilplant.83,83,,83,Bathurst Head,,,JK,Clastic,Normanby,0.712097,0.000014,0.712097,0.00001,0,0.712096
CapeYork_soilplant.84,84,POINT (144.433804 -14.263368),84,Cape Melville,144.433804,-14.263368,Cpi,Felsic Intrusive,Jeannie,0.719677,0.00001,0.717397,0.000009,0.001139,0.718536
CapeYork_soilplant.85,85,POINT (144.557743 -14.382095),85,Barrow Point,144.557743,-14.382095,D,Clastic,Jeannie,0.715923,0.000013,0.716414,0.000011,-0.000245,0.716168
CapeYork_soilplant.86,86,POINT (144.541083 -14.538611),86,Wakooka,144.541083,-14.538611,Qa,Alluvial,Jeannie,0.723257,0.000008,0.723396,0.000009,-0.000069,0.723326
CapeYork_soilplant.87,87,POINT (144.449167 -15.347806),87,Old Laura,144.449167,-15.347806,Qa,Alluvial,Normanby,0.720553,0.00001,0.720335,0.000009,0.000108,0.720443
CapeYork_soilplant.88,88,POINT (144.690694 -15.295528),88,Battlecamp,144.690694,-15.295528,Cz,Colluvial/Residual,Normanby,0.710881,0.000012,0.710873,0.00001,0.000004,0.710877
CapeYork_soilplant.89,89,POINT (145.034694 -15.332722),89,Hopevale,145.034694,-15.332722,Czv,Mafic Volcanic,Endeavour,0.710577,0.000009,0.710735,0.000009,-0.000079,0.71065
CapeYork_soilplant.90,90,POINT (145.222722 -15.706389),90,Black Mountain,145.222722,-15.706389,Cpi,Felsic Intrusive,Endeavour,0.711567,0.000009,0.710398,0.00001,0.000584,0.710982
CapeYork_soilplant.91,91,POINT (145.273397 -15.743722),91,Rossville,145.273397,-15.743722,D,Clastic,Endeavour,0.729506,0.000012,0.728708,0.000011,0.000399,0.729107
CapeYork_soilplant.92,92,POINT (145.334194 -15.946917),92,Bloomfield,145.334194,-15.946917,D,Clastic,Daintree,0.722696,0.000013,0.720674,0.000011,0.001011,0.721685
CapeYork_soilplant.93,93,POINT (145.461306 -16.087028),93,Cape Tribulation,145.461306,-16.087028,D,Clastic,Daintree,0.711756,0.00001,0.711573,0.000013,0.000091,0.711664
CapeYork_soilplant.94,94,POINT (145.722444 -16.958333),94,Cairns,145.722444,-16.958333,D,Clastic,Barron,0.716317,0.000013,0.718145,0.000011,-0.000913,0.717231
