FID,fid,Geometry,name,visibility,open,address,phoneNumber,description,LookAt,Region,Folder
geonode_new_caledonia_t1.1,1,POINT (166.7461809890001 -22.14165695899993),new_caledonia_t1.72,true,true,,,"<h4>new_caledonia_t1</h4>

<ul class=""textattributes"">
  
  
  <li><strong><span class=""atr-name"">Name</span>:</strong> <span class=""atr-value"">0033</span></li>
  
  
  
  
  
  
  
  
</ul>",POINT (166.7461809890001 -22.14165695899993),,geonode:new_caledonia_t1
geonode_new_caledonia_t1.2,2,POINT (166.41567902600002 -22.174056032999943),new_caledonia_t1.73,true,true,,,"<h4>new_caledonia_t1</h4>

<ul class=""textattributes"">
  
  
  <li><strong><span class=""atr-name"">Name</span>:</strong> <span class=""atr-value"">0043</span></li>
  
  
  
  
  
  
  
  
</ul>",POINT (166.41567902600002 -22.174056032999943),,geonode:new_caledonia_t1
geonode_new_caledonia_t1.3,3,POINT (166.43743501000006 -22.301563973999976),new_caledonia_t1.74,true,true,,,"<h4>new_caledonia_t1</h4>

<ul class=""textattributes"">
  
  
  <li><strong><span class=""atr-name"">Name</span>:</strong> <span class=""atr-value"">0052</span></li>
  
  
  
  
  
  
  
  
</ul>",POINT (166.43743501000006 -22.30156397399999),,geonode:new_caledonia_t1
geonode_new_caledonia_t1.4,4,POINT (166.32125403700002 -22.104334020999943),new_caledonia_t1.75,true,true,,,"<h4>new_caledonia_t1</h4>

<ul class=""textattributes"">
  
  
  <li><strong><span class=""atr-name"">Name</span>:</strong> <span class=""atr-value"">0062</span></li>
  
  
  
  
  
  
  
  
</ul>",POINT (166.32125403700002 -22.104334020999943),,geonode:new_caledonia_t1
geonode_new_caledonia_t1.5,5,POINT (166.26821402500002 -22.065401002999977),new_caledonia_t1.76,true,true,,,"<h4>new_caledonia_t1</h4>

<ul class=""textattributes"">
  
  
  <li><strong><span class=""atr-name"">Name</span>:</strong> <span class=""atr-value"">0072</span></li>
  
  
  
  
  
  
  
  
</ul>",POINT (166.26821402500002 -22.065401003000005),,geonode:new_caledonia_t1
geonode_new_caledonia_t1.6,6,POINT (166.2044450080001 -21.986627960999954),new_caledonia_t1.77,true,true,,,"<h4>new_caledonia_t1</h4>

<ul class=""textattributes"">
  
  
  <li><strong><span class=""atr-name"">Name</span>:</strong> <span class=""atr-value"">0081</span></li>
  
  
  
  
  
  
  
  
</ul>",POINT (166.2044450080001 -21.986627960999968),,geonode:new_caledonia_t1
geonode_new_caledonia_t1.7,7,POINT (166.06460301200002 -21.87726197799998),new_caledonia_t1.78,true,true,,,"<h4>new_caledonia_t1</h4>

<ul class=""textattributes"">
  
  
  <li><strong><span class=""atr-name"">Name</span>:</strong> <span class=""atr-value"">0091</span></li>
  
  
  
  
  
  
  
  
</ul>",POINT (166.06460301200002 -21.877261977999993),,geonode:new_caledonia_t1
geonode_new_caledonia_t1.8,8,POINT (166.0489799830001 -21.850821012999972),new_caledonia_t1.79,true,true,,,"<h4>new_caledonia_t1</h4>

<ul class=""textattributes"">
  
  
  <li><strong><span class=""atr-name"">Name</span>:</strong> <span class=""atr-value"">0102</span></li>
  
  
  
  
  
  
  
  
</ul>",POINT (166.0489799830001 -21.850821013),,geonode:new_caledonia_t1
geonode_new_caledonia_t1.9,9,POINT (166.068519959 -21.803725026999928),new_caledonia_t1.80,true,true,,,"<h4>new_caledonia_t1</h4>

<ul class=""textattributes"">
  
  
  <li><strong><span class=""atr-name"">Name</span>:</strong> <span class=""atr-value"">0111</span></li>
  
  
  
  
  
  
  
  
</ul>",POINT (166.068519959 -21.803725026999928),,geonode:new_caledonia_t1
geonode_new_caledonia_t1.10,10,POINT (166.08641398100008 -21.75067503899993),new_caledonia_t1.81,true,true,,,"<h4>new_caledonia_t1</h4>

<ul class=""textattributes"">
  
  
  <li><strong><span class=""atr-name"">Name</span>:</strong> <span class=""atr-value"">0122</span></li>
  
  
  
  
  
  
  
  
</ul>",POINT (166.08641398100008 -21.750675038999944),,geonode:new_caledonia_t1
geonode_new_caledonia_t1.11,11,POINT (166.09770599800004 -21.742564038999944),new_caledonia_t1.82,true,true,,,"<h4>new_caledonia_t1</h4>

<ul class=""textattributes"">
  
  
  <li><strong><span class=""atr-name"">Name</span>:</strong> <span class=""atr-value"">0132</span></li>
  
  
  
  
  
  
  
  
</ul>",POINT (166.09770599800004 -21.742564038999944),,geonode:new_caledonia_t1
geonode_new_caledonia_t1.12,12,POINT (166.12065699000004 -21.71652699799995),new_caledonia_t1.83,true,true,,,"<h4>new_caledonia_t1</h4>

<ul class=""textattributes"">
  
  
  <li><strong><span class=""atr-name"">Name</span>:</strong> <span class=""atr-value"">0142</span></li>
  
  
  
  
  
  
  
  
</ul>",POINT (166.12065699000004 -21.71652699799995),,geonode:new_caledonia_t1
geonode_new_caledonia_t1.13,13,POINT (166.12965102300006 -21.69188302899994),new_caledonia_t1.84,true,true,,,"<h4>new_caledonia_t1</h4>

<ul class=""textattributes"">
  
  
  <li><strong><span class=""atr-name"">Name</span>:</strong> <span class=""atr-value"">0151</span></li>
  
  
  
  
  
  
  
  
</ul>",POINT (166.12965102300006 -21.69188302899994),,geonode:new_caledonia_t1
geonode_new_caledonia_t1.14,14,POINT (166.14029503400002 -21.67275200599994),new_caledonia_t1.85,true,true,,,"<h4>new_caledonia_t1</h4>

<ul class=""textattributes"">
  
  
  <li><strong><span class=""atr-name"">Name</span>:</strong> <span class=""atr-value"">0163</span></li>
  
  
  
  
  
  
  
  
</ul>",POINT (166.14029503400002 -21.672752005999953),,geonode:new_caledonia_t1
geonode_new_caledonia_t1.15,15,POINT (166.1644790040001 -21.66966604099997),new_caledonia_t1.86,true,true,,,"<h4>new_caledonia_t1</h4>

<ul class=""textattributes"">
  
  
  <li><strong><span class=""atr-name"">Name</span>:</strong> <span class=""atr-value"">0172</span></li>
  
  
  
  
  
  
  
  
</ul>",POINT (166.1644790040001 -21.669666041),,geonode:new_caledonia_t1
geonode_new_caledonia_t1.16,16,POINT (166.16809101800004 -21.66253102899998),new_caledonia_t1.87,true,true,,,"<h4>new_caledonia_t1</h4>

<ul class=""textattributes"">
  
  
  <li><strong><span class=""atr-name"">Name</span>:</strong> <span class=""atr-value"">0182</span></li>
  
  
  
  
  
  
  
  
</ul>",POINT (166.16809101800004 -21.66253102899998),,geonode:new_caledonia_t1
geonode_new_caledonia_t1.17,17,POINT (166.18185100100004 -21.589434965999942),new_caledonia_t1.88,true,true,,,"<h4>new_caledonia_t1</h4>

<ul class=""textattributes"">
  
  
  <li><strong><span class=""atr-name"">Name</span>:</strong> <span class=""atr-value"">0192</span></li>
  
  
  
  
  
  
  
  
</ul>",POINT (166.18185100100004 -21.589434965999956),,geonode:new_caledonia_t1
geonode_new_caledonia_t1.18,18,POINT (166.24373400600007 -21.61483297099994),new_caledonia_t1.89,true,true,,,"<h4>new_caledonia_t1</h4>

<ul class=""textattributes"">
  
  
  <li><strong><span class=""atr-name"">Name</span>:</strong> <span class=""atr-value"">0201</span></li>
  
  
  
  
  
  
  
  
</ul>",POINT (166.24373400600007 -21.61483297099997),,geonode:new_caledonia_t1
geonode_new_caledonia_t1.19,19,POINT (166.19545701000004 -21.641641985999968),new_caledonia_t1.90,true,true,,,"<h4>new_caledonia_t1</h4>

<ul class=""textattributes"">
  
  
  <li><strong><span class=""atr-name"">Name</span>:</strong> <span class=""atr-value"">0211</span></li>
  
  
  
  
  
  
  
  
</ul>",POINT (166.19545701000004 -21.641641985999968),,geonode:new_caledonia_t1
geonode_new_caledonia_t1.20,20,POINT (165.90897001300004 -21.841779034999945),new_caledonia_t1.91,true,true,,,"<h4>new_caledonia_t1</h4>

<ul class=""textattributes"">
  
  
  <li><strong><span class=""atr-name"">Name</span>:</strong> <span class=""atr-value"">0221</span></li>
  
  
  
  
  
  
  
  
</ul>",POINT (165.90897001300004 -21.84177903499996),,geonode:new_caledonia_t1
geonode_new_caledonia_t1.21,21,POINT (165.8503769900001 -21.84386202099995),new_caledonia_t1.92,true,true,,,"<h4>new_caledonia_t1</h4>

<ul class=""textattributes"">
  
  
  <li><strong><span class=""atr-name"">Name</span>:</strong> <span class=""atr-value"">0231</span></li>
  
  
  
  
  
  
  
  
</ul>",POINT (165.8503769900001 -21.843862020999964),,geonode:new_caledonia_t1
geonode_new_caledonia_t1.22,22,POINT (165.8464769740001 -21.75904101699996),new_caledonia_t1.93,true,true,,,"<h4>new_caledonia_t1</h4>

<ul class=""textattributes"">
  
  
  <li><strong><span class=""atr-name"">Name</span>:</strong> <span class=""atr-value"">0242</span></li>
  
  
  
  
  
  
  
  
</ul>",POINT (165.8464769740001 -21.75904101699996),,geonode:new_caledonia_t1
geonode_new_caledonia_t1.23,23,POINT (165.79517997800008 -21.681603965999955),new_caledonia_t1.94,true,true,,,"<h4>new_caledonia_t1</h4>

<ul class=""textattributes"">
  
  
  <li><strong><span class=""atr-name"">Name</span>:</strong> <span class=""atr-value"">0252</span></li>
  
  
  
  
  
  
  
  
</ul>",POINT (165.79517997800008 -21.68160396599997),,geonode:new_caledonia_t1
geonode_new_caledonia_t1.24,24,POINT (165.82162203300004 -21.62964203399997),new_caledonia_t1.95,true,true,,,"<h4>new_caledonia_t1</h4>

<ul class=""textattributes"">
  
  
  <li><strong><span class=""atr-name"">Name</span>:</strong> <span class=""atr-value"">0262</span></li>
  
  
  
  
  
  
  
  
</ul>",POINT (165.82162203300004 -21.62964203399997),,geonode:new_caledonia_t1
geonode_new_caledonia_t1.25,25,POINT (165.81557901600002 -21.616536005999933),new_caledonia_t1.96,true,true,,,"<h4>new_caledonia_t1</h4>

<ul class=""textattributes"">
  
  
  <li><strong><span class=""atr-name"">Name</span>:</strong> <span class=""atr-value"">0271</span></li>
  
  
  
  
  
  
  
  
</ul>",POINT (165.81557901600002 -21.616536005999947),,geonode:new_caledonia_t1
geonode_new_caledonia_t1.26,26,POINT (165.80431499500003 -21.59458899899994),new_caledonia_t1.97,true,true,,,"<h4>new_caledonia_t1</h4>

<ul class=""textattributes"">
  
  
  <li><strong><span class=""atr-name"">Name</span>:</strong> <span class=""atr-value"">0282</span></li>
  
  
  
  
  
  
  
  
</ul>",POINT (165.80431499500003 -21.594588998999967),,geonode:new_caledonia_t1
geonode_new_caledonia_t1.27,27,POINT (165.80335501600007 -21.60243404099998),new_caledonia_t1.98,true,true,,,"<h4>new_caledonia_t1</h4>

<ul class=""textattributes"">
  
  
  <li><strong><span class=""atr-name"">Name</span>:</strong> <span class=""atr-value"">0292</span></li>
  
  
  
  
  
  
  
  
</ul>",POINT (165.80335501600007 -21.60243404099998),,geonode:new_caledonia_t1
geonode_new_caledonia_t1.28,28,POINT (165.81522597000003 -21.584932961999982),new_caledonia_t1.99,true,true,,,"<h4>new_caledonia_t1</h4>

<ul class=""textattributes"">
  
  
  <li><strong><span class=""atr-name"">Name</span>:</strong> <span class=""atr-value"">0302</span></li>
  
  
  
  
  
  
  
  
</ul>",POINT (165.81522597000003 -21.58493296200001),,geonode:new_caledonia_t1
geonode_new_caledonia_t1.29,29,POINT (165.83574595900006 -21.548005984999975),new_caledonia_t1.100,true,true,,,"<h4>new_caledonia_t1</h4>

<ul class=""textattributes"">
  
  
  <li><strong><span class=""atr-name"">Name</span>:</strong> <span class=""atr-value"">0312</span></li>
  
  
  
  
  
  
  
  
</ul>",POINT (165.83574595900006 -21.548005985000003),,geonode:new_caledonia_t1
geonode_new_caledonia_t1.30,30,POINT (165.80569599800003 -21.462914999999953),new_caledonia_t1.101,true,true,,,"<h4>new_caledonia_t1</h4>

<ul class=""textattributes"">
  
  
  <li><strong><span class=""atr-name"">Name</span>:</strong> <span class=""atr-value"">0322</span></li>
  
  
  
  
  
  
  
  
</ul>",POINT (165.80569599800003 -21.462914999999953),,geonode:new_caledonia_t1
geonode_new_caledonia_t1.31,31,POINT (165.79819402700002 -21.476184976999946),new_caledonia_t1.102,true,true,,,"<h4>new_caledonia_t1</h4>

<ul class=""textattributes"">
  
  
  <li><strong><span class=""atr-name"">Name</span>:</strong> <span class=""atr-value"">0332</span></li>
  
  
  
  
  
  
  
  
</ul>",POINT (165.79819402700002 -21.47618497699996),,geonode:new_caledonia_t1
geonode_new_caledonia_t1.32,32,POINT (165.7985560410001 -21.49876699799995),new_caledonia_t1.103,true,true,,,"<h4>new_caledonia_t1</h4>

<ul class=""textattributes"">
  
  
  <li><strong><span class=""atr-name"">Name</span>:</strong> <span class=""atr-value"">0342</span></li>
  
  
  
  
  
  
  
  
</ul>",POINT (165.7985560410001 -21.49876699799998),,geonode:new_caledonia_t1
geonode_new_caledonia_t1.33,33,POINT (165.82698100200003 -21.579721010999947),new_caledonia_t1.104,true,true,,,"<h4>new_caledonia_t1</h4>

<ul class=""textattributes"">
  
  
  <li><strong><span class=""atr-name"">Name</span>:</strong> <span class=""atr-value"">0352</span></li>
  
  
  
  
  
  
  
  
</ul>",POINT (165.82698100200003 -21.579721010999947),,geonode:new_caledonia_t1
geonode_new_caledonia_t1.34,34,POINT (165.73310201100003 -21.696743024999932),new_caledonia_t1.105,true,true,,,"<h4>new_caledonia_t1</h4>

<ul class=""textattributes"">
  
  
  <li><strong><span class=""atr-name"">Name</span>:</strong> <span class=""atr-value"">0362</span></li>
  
  
  
  
  
  
  
  
</ul>",POINT (165.73310201100003 -21.696743024999932),,geonode:new_caledonia_t1
geonode_new_caledonia_t1.35,35,POINT (165.6949149820001 -21.70670399399995),new_caledonia_t1.106,true,true,,,"<h4>new_caledonia_t1</h4>

<ul class=""textattributes"">
  
  
  <li><strong><span class=""atr-name"">Name</span>:</strong> <span class=""atr-value"">0371</span></li>
  
  
  
  
  
  
  
  
</ul>",POINT (165.6949149820001 -21.70670399399995),,geonode:new_caledonia_t1
geonode_new_caledonia_t1.36,36,POINT (165.5351790410001 -21.65021499599993),new_caledonia_t1.107,true,true,,,"<h4>new_caledonia_t1</h4>

<ul class=""textattributes"">
  
  
  <li><strong><span class=""atr-name"">Name</span>:</strong> <span class=""atr-value"">0381</span></li>
  
  
  
  
  
  
  
  
</ul>",POINT (165.5351790410001 -21.65021499599993),,geonode:new_caledonia_t1
geonode_new_caledonia_t1.37,37,POINT (165.47329100800005 -21.536913038999955),new_caledonia_t1.108,true,true,,,"<h4>new_caledonia_t1</h4>

<ul class=""textattributes"">
  
  
  <li><strong><span class=""atr-name"">Name</span>:</strong> <span class=""atr-value"">0391</span></li>
  
  
  
  
  
  
  
  
</ul>",POINT (165.47329100800005 -21.536913038999955),,geonode:new_caledonia_t1
geonode_new_caledonia_t1.38,38,POINT (165.45982900100012 -21.433843038999953),new_caledonia_t1.109,true,true,,,"<h4>new_caledonia_t1</h4>

<ul class=""textattributes"">
  
  
  <li><strong><span class=""atr-name"">Name</span>:</strong> <span class=""atr-value"">0401</span></li>
  
  
  
  
  
  
  
  
</ul>",POINT (165.45982900100012 -21.433843038999953),,geonode:new_caledonia_t1
geonode_new_caledonia_t1.39,39,POINT (165.35400303100005 -21.47469601599994),new_caledonia_t1.110,true,true,,,"<h4>new_caledonia_t1</h4>

<ul class=""textattributes"">
  
  
  <li><strong><span class=""atr-name"">Name</span>:</strong> <span class=""atr-value"">0411</span></li>
  
  
  
  
  
  
  
  
</ul>",POINT (165.35400303100005 -21.474696015999953),,geonode:new_caledonia_t1
geonode_new_caledonia_t1.40,40,POINT (164.98641902600002 -21.33068603499993),new_caledonia_t1.111,true,true,,,"<h4>new_caledonia_t1</h4>

<ul class=""textattributes"">
  
  
  <li><strong><span class=""atr-name"">Name</span>:</strong> <span class=""atr-value"">0421</span></li>
  
  
  
  
  
  
  
  
</ul>",POINT (164.98641902600002 -21.33068603499993),,geonode:new_caledonia_t1
geonode_new_caledonia_t1.41,41,POINT (165.00843099300005 -21.29706798099994),new_caledonia_t1.112,true,true,,,"<h4>new_caledonia_t1</h4>

<ul class=""textattributes"">
  
  
  <li><strong><span class=""atr-name"">Name</span>:</strong> <span class=""atr-value"">0431</span></li>
  
  
  
  
  
  
  
  
</ul>",POINT (165.00843099300005 -21.29706798099994),,geonode:new_caledonia_t1
geonode_new_caledonia_t1.42,42,POINT (164.89305200100011 -21.091604986999982),new_caledonia_t1.113,true,true,,,"<h4>new_caledonia_t1</h4>

<ul class=""textattributes"">
  
  
  <li><strong><span class=""atr-name"">Name</span>:</strong> <span class=""atr-value"">0441</span></li>
  
  
  
  
  
  
  
  
</ul>",POINT (164.89305200100011 -21.091604986999982),,geonode:new_caledonia_t1
geonode_new_caledonia_t1.43,43,POINT (164.70840898300003 -21.035540028999947),new_caledonia_t1.114,true,true,,,"<h4>new_caledonia_t1</h4>

<ul class=""textattributes"">
  
  
  <li><strong><span class=""atr-name"">Name</span>:</strong> <span class=""atr-value"">0451</span></li>
  
  
  
  
  
  
  
  
</ul>",POINT (164.70840898300003 -21.035540028999932),,geonode:new_caledonia_t1
geonode_new_caledonia_t1.44,44,POINT (164.59547700400003 -20.85052602899998),new_caledonia_t1.115,true,true,,,"<h4>new_caledonia_t1</h4>

<ul class=""textattributes"">
  
  
  <li><strong><span class=""atr-name"">Name</span>:</strong> <span class=""atr-value"">0461</span></li>
  
  
  
  
  
  
  
  
</ul>",POINT (164.59547700400003 -20.850526029000008),,geonode:new_caledonia_t1
geonode_new_caledonia_t1.45,45,POINT (164.3673390340001 -20.65370796199994),new_caledonia_t1.116,true,true,,,"<h4>new_caledonia_t1</h4>

<ul class=""textattributes"">
  
  
  <li><strong><span class=""atr-name"">Name</span>:</strong> <span class=""atr-value"">0471</span></li>
  
  
  
  
  
  
  
  
</ul>",POINT (164.3673390340001 -20.65370796199997),,geonode:new_caledonia_t1
geonode_new_caledonia_t1.46,46,POINT (164.25936302200012 -20.50048802999993),new_caledonia_t1.117,true,true,,,"<h4>new_caledonia_t1</h4>

<ul class=""textattributes"">
  
  
  <li><strong><span class=""atr-name"">Name</span>:</strong> <span class=""atr-value"">0481</span></li>
  
  
  
  
  
  
  
  
</ul>",POINT (164.25936302200012 -20.50048802999993),,geonode:new_caledonia_t1
geonode_new_caledonia_t1.47,47,POINT (164.2754000330001 -20.50092196099996),new_caledonia_t1.118,true,true,,,"<h4>new_caledonia_t1</h4>

<ul class=""textattributes"">
  
  
  <li><strong><span class=""atr-name"">Name</span>:</strong> <span class=""atr-value"">0491</span></li>
  
  
  
  
  
  
  
  
</ul>",POINT (164.2754000330001 -20.50092196099996),,geonode:new_caledonia_t1
geonode_new_caledonia_t1.48,48,POINT (164.30797797600007 -20.489982990999977),new_caledonia_t1.119,true,true,,,"<h4>new_caledonia_t1</h4>

<ul class=""textattributes"">
  
  
  <li><strong><span class=""atr-name"">Name</span>:</strong> <span class=""atr-value"">0501</span></li>
  
  
  
  
  
  
  
  
</ul>",POINT (164.30797797600007 -20.489982990999962),,geonode:new_caledonia_t1
geonode_new_caledonia_t1.49,49,POINT (164.3373849620001 -20.46091396399993),new_caledonia_t1.120,true,true,,,"<h4>new_caledonia_t1</h4>

<ul class=""textattributes"">
  
  
  <li><strong><span class=""atr-name"">Name</span>:</strong> <span class=""atr-value"">0511</span></li>
  
  
  
  
  
  
  
  
</ul>",POINT (164.3373849620001 -20.460913963999957),,geonode:new_caledonia_t1
geonode_new_caledonia_t1.50,50,POINT (164.36313601200004 -20.446753994999938),new_caledonia_t1.121,true,true,,,"<h4>new_caledonia_t1</h4>

<ul class=""textattributes"">
  
  
  <li><strong><span class=""atr-name"">Name</span>:</strong> <span class=""atr-value"">0521</span></li>
  
  
  
  
  
  
  
  
</ul>",POINT (164.36313601200004 -20.446753994999938),,geonode:new_caledonia_t1
geonode_new_caledonia_t1.51,51,POINT (164.40710102200012 -20.410919012999955),new_caledonia_t1.122,true,true,,,"<h4>new_caledonia_t1</h4>

<ul class=""textattributes"">
  
  
  <li><strong><span class=""atr-name"">Name</span>:</strong> <span class=""atr-value"">0531</span></li>
  
  
  
  
  
  
  
  
</ul>",POINT (164.40710102200012 -20.410919012999955),,geonode:new_caledonia_t1
geonode_new_caledonia_t1.52,52,POINT (164.42155896700012 -20.28157400899994),new_caledonia_t1.123,true,true,,,"<h4>new_caledonia_t1</h4>

<ul class=""textattributes"">
  
  
  <li><strong><span class=""atr-name"">Name</span>:</strong> <span class=""atr-value"">0541</span></li>
  
  
  
  
  
  
  
  
</ul>",POINT (164.42155896700012 -20.281574008999968),,geonode:new_caledonia_t1
geonode_new_caledonia_t1.53,53,POINT (164.631802998 -20.42242803599993),new_caledonia_t1.124,true,true,,,"<h4>new_caledonia_t1</h4>

<ul class=""textattributes"">
  
  
  <li><strong><span class=""atr-name"">Name</span>:</strong> <span class=""atr-value"">0551</span></li>
  
  
  
  
  
  
  
  
</ul>",POINT (164.631802998 -20.42242803599993),,geonode:new_caledonia_t1
geonode_new_caledonia_t1.54,54,POINT (164.78675899100006 -20.533082987999933),new_caledonia_t1.125,true,true,,,"<h4>new_caledonia_t1</h4>

<ul class=""textattributes"">
  
  
  <li><strong><span class=""atr-name"">Name</span>:</strong> <span class=""atr-value"">0561</span></li>
  
  
  
  
  
  
  
  
</ul>",POINT (164.78675899100006 -20.533082987999933),,geonode:new_caledonia_t1
geonode_new_caledonia_t1.55,55,POINT (164.94370099200012 -20.683053004999977),new_caledonia_t1.126,true,true,,,"<h4>new_caledonia_t1</h4>

<ul class=""textattributes"">
  
  
  <li><strong><span class=""atr-name"">Name</span>:</strong> <span class=""atr-value"">0571</span></li>
  
  
  
  
  
  
  
  
</ul>",POINT (164.94370099200012 -20.683053004999977),,geonode:new_caledonia_t1
geonode_new_caledonia_t1.56,56,POINT (165.20753497300007 -20.765740982999944),new_caledonia_t1.127,true,true,,,"<h4>new_caledonia_t1</h4>

<ul class=""textattributes"">
  
  
  <li><strong><span class=""atr-name"">Name</span>:</strong> <span class=""atr-value"">0581</span></li>
  
  
  
  
  
  
  
  
</ul>",POINT (165.20753497300007 -20.765740982999958),,geonode:new_caledonia_t1
geonode_new_caledonia_t1.57,57,POINT (165.25159696100002 -20.860080979999964),new_caledonia_t1.128,true,true,,,"<h4>new_caledonia_t1</h4>

<ul class=""textattributes"">
  
  
  <li><strong><span class=""atr-name"">Name</span>:</strong> <span class=""atr-value"">0591</span></li>
  
  
  
  
  
  
  
  
</ul>",POINT (165.25159696100002 -20.860080979999992),,geonode:new_caledonia_t1
geonode_new_caledonia_t1.58,58,POINT (165.08340996700008 -20.91898798899996),new_caledonia_t1.129,true,true,,,"<h4>new_caledonia_t1</h4>

<ul class=""textattributes"">
  
  
  <li><strong><span class=""atr-name"">Name</span>:</strong> <span class=""atr-value"">0601</span></li>
  
  
  
  
  
  
  
  
</ul>",POINT (165.08340996700008 -20.918987988999973),,geonode:new_caledonia_t1
geonode_new_caledonia_t1.59,59,POINT (165.0187070390001 -20.987294967999958),new_caledonia_t1.130,true,true,,,"<h4>new_caledonia_t1</h4>

<ul class=""textattributes"">
  
  
  <li><strong><span class=""atr-name"">Name</span>:</strong> <span class=""atr-value"">0611</span></li>
  
  
  
  
  
  
  
  
</ul>",POINT (165.0187070390001 -20.987294967999958),,geonode:new_caledonia_t1
geonode_new_caledonia_t1.60,60,POINT (164.95821199400007 -21.03437100499997),new_caledonia_t1.131,true,true,,,"<h4>new_caledonia_t1</h4>

<ul class=""textattributes"">
  
  
  <li><strong><span class=""atr-name"">Name</span>:</strong> <span class=""atr-value"">0621</span></li>
  
  
  
  
  
  
  
  
</ul>",POINT (164.95821199400007 -21.034371004999954),,geonode:new_caledonia_t1
