FID,fid,the_geom,FID1,FID_1,FID_,Soil_Lab_I,Plant_Lab,Field_ID,Waypoint,Lat,Long,Elevation,GEO4_2L_,GEO4_2L_ID,GLG,Geology
Portugal_sampling_locations_with_geo.1,1,POINT (-8.868911024 37.15342099),111,24,25,PT16-21,T17-24,PT16-21,34,37.15342099,-8.86891102,131.497681,10109,8636,C,Undivided Carboniferous rocks
Portugal_sampling_locations_with_geo.2,2,POINT (-8.740149988 37.29723701),112,25,26,PT16-22,T17-25,PT16-22,35,37.29723701,-8.74014999,324.157104,10109,8636,C,Undivided Carboniferous rocks
Portugal_sampling_locations_with_geo.3,3,POINT (-8.626586013 37.29297901),113,26,27,PT16-23,T17-26,PT16-23,36,37.29297901,-8.62658601,479.300812,10109,8636,C,Undivided Carboniferous rocks
Portugal_sampling_locations_with_geo.4,4,POINT (-8.470951002 37.34284303),114,27,28,PT16-24,T17-27,PT16-24,37,37.34284303,-8.470951,276.764923,10109,8636,C,Undivided Carboniferous rocks
Portugal_sampling_locations_with_geo.5,5,POINT (-7.485225024 37.29260702),115,37,38,PT16-34,T17-37,PT16-34,47,37.29260702,-7.48522502,128.480301,10109,8636,C,Undivided Carboniferous rocks
Portugal_sampling_locations_with_geo.6,6,POINT (-7.60251903 37.44568303),116,38,39,PT16-35,T17-38,PT16-35,48,37.44568303,-7.60251903,250.808975,10109,8636,C,Undivided Carboniferous rocks
Portugal_sampling_locations_with_geo.7,7,POINT (-7.897837032 37.38566701),117,39,40,PT16-36,T17-39,PT16-36,49,37.38566701,-7.89783703,318.991791,10109,8636,C,Undivided Carboniferous rocks
Portugal_sampling_locations_with_geo.8,8,POINT (-8.018852016 37.47598797),118,40,41,PT16-37,T17-40,PT16-37,50,37.47598797,-8.01885202,284.139771,10109,8636,C,Undivided Carboniferous rocks
Portugal_sampling_locations_with_geo.9,9,POINT (-8.485755036 37.41831402),119,42,43,PT16-39,T17-42,PT16-39,52,37.41831402,-8.48575504,131.154175,10109,8636,C,Undivided Carboniferous rocks
Portugal_sampling_locations_with_geo.10,10,POINT (-8.617309006 37.47242197),120,43,44,PT16-40,T17-43,PT16-40,53,37.47242197,-8.61730901,131.484848,10109,8636,C,Undivided Carboniferous rocks
Portugal_sampling_locations_with_geo.11,11,POINT (-8.688474968 37.50204999),121,44,45,PT16-41,T17-44,PT16-41,54,37.50204999,-8.68847497,184.584747,10109,8636,C,Undivided Carboniferous rocks
Portugal_sampling_locations_with_geo.12,12,POINT (-8.16396296 37.86728899),122,54,55,PT16-51,T17-54,PT16-51,66,37.86728899,-8.16396296,211.017456,10109,8636,C,Undivided Carboniferous rocks
Portugal_sampling_locations_with_geo.13,13,POINT (-8.221547976 37.74900701),123,55,56,PT16-52,T17-55,PT16-52,67,37.74900701,-8.22154798,177.529526,10109,8636,C,Undivided Carboniferous rocks
Portugal_sampling_locations_with_geo.14,14,POINT (-8.270906992 37.84402996),124,57,58,PT16-54,T17-57,PT16-54,69,37.84402996,-8.27090699,154.282394,10109,8636,C,Undivided Carboniferous rocks
Portugal_sampling_locations_with_geo.15,15,POINT (-7.487756023 41.17318603),28,143,144,SA18-5-17,T17-79,PT16-138,157,41.17318603,-7.48775602,449.657593,7303,7056,Cm,Undivided Cambrian rocks
Portugal_sampling_locations_with_geo.16,16,POINT (-6.804741975 41.15034602),29,144,145,SA18-5-18,T17-80,PT16-139,158,41.15034602,-6.80474197,794.397522,7303,7056,Cm,Undivided Cambrian rocks
Portugal_sampling_locations_with_geo.17,17,POINT (-8.197351014 40.35500198),31,115,116,#53 SA19-5-53_PT16-112,#59 SA18-8-52_Pt16-112,PT16-112,131,40.35500198,-8.19735101,178.478119,7459,7101,Cm,Undivided Cambrian rocks
Portugal_sampling_locations_with_geo.18,18,POINT (-8.31501198 40.48828304),32,117,118,{},#61 SA18-8-54_Pt16-114,PT16-114,133,40.48828304,-8.31501198,397.808197,7459,7101,Cm,Undivided Cambrian rocks
Portugal_sampling_locations_with_geo.19,19,POINT (-8.31501198 40.48828304),33,119,120,#55 SA19-5-55_PT16-114,#61 SA18-8-54_Pt16-114,PT16-114,133,40.48828304,-8.31501198,397.808197,7459,7101,Cm,Undivided Cambrian rocks
Portugal_sampling_locations_with_geo.20,20,POINT (-8.454213012 40.82282198),34,124,125,#60 SA19-5-60_PT16-119,#03 SA18-8-59_Pt16-119,PT16-119,138,40.82282198,-8.45421301,310.374786,7459,7101,Cm,Undivided Cambrian rocks
Portugal_sampling_locations_with_geo.21,21,POINT (-8.114462039 39.87546299),35,131,132,SA18-5-5,T17-67,PT16-126,145,39.87546299,-8.11446204,451.698425,7459,7101,Cm,Undivided Cambrian rocks
Portugal_sampling_locations_with_geo.22,22,POINT (-7.57557096 40.16819802),36,135,136,SA18-5-9,T17-71,PT16-130,149,40.16819802,-7.57557096,595.562256,7459,7101,Cm,Undivided Cambrian rocks
Portugal_sampling_locations_with_geo.23,23,POINT (-7.35445099 38.84790704),79,94,95,#32 SA19-5-32_PT16-91,#38 SA18-8-31_Pt16-91,PT16-91,108,38.84790704,-7.35445099,311.627228,9356,8089,Cm,Undivided Cambrian rocks
Portugal_sampling_locations_with_geo.24,24,POINT (-7.300016982 38.95381699),80,95,96,#33 SA19-5-33_PT16-92,#39 SA18-8-32_Pt16-92,PT16-92,109,38.95381699,-7.30001698,367.938507,9356,8089,Cm,Undivided Cambrian rocks
Portugal_sampling_locations_with_geo.25,25,POINT (-7.684402009 39.159972),81,102,103,#40 SA19-5-40_PT16-99,#46 SA18-8-39_Pt16-99,PT16-99,116,39.159972,-7.68440201,234.960373,9356,8089,Cm,Undivided Cambrian rocks
Portugal_sampling_locations_with_geo.26,26,POINT (-7.513328036 38.82327296),104,93,94,#31 SA19-5-31_PT16-90,#37 SA18-8-30_Pt16-90,PT16-90,107,38.82327296,-7.51332804,456.193817,9617,8325,Cm,Undivided Cambrian rocks
Portugal_sampling_locations_with_geo.27,27,POINT (-9.498332022 38.77986803),5,10,11,PT16-8,T17-10,PT16-8,21,38.77986803,-9.49833202,123.33992,9422,8052,CzMzi,Cenozoic through Mesozoic intrusive igneous rocks
Portugal_sampling_locations_with_geo.28,28,POINT (-9.461591039 38.78615797),89,11,12,PT16-9 S1,T17-11,PT16-9,22,38.78615797,-9.46159104,233.620682,9422,8052,CzMzi,Cenozoic through Mesozoic intrusive igneous rocks
Portugal_sampling_locations_with_geo.29,29,POINT (-7.085963041 38.09489002),107,67,68,#05 SA19-5-5_PT16-64,#11 SA18-8-4_Pt16-64,PT16-64,79,38.09489002,-7.08596304,237.757278,9782,8431,D,Undivided Devonian rocks
Portugal_sampling_locations_with_geo.30,30,POINT (-7.310137963 38.36616201),108,91,92,#29 SA19-5-29_PT16-88,#35 SA18-8-28_Pt16-88,PT16-88,105,38.36616201,-7.31013796,194.201248,9782,8431,D,Undivided Devonian rocks
Portugal_sampling_locations_with_geo.31,31,POINT (-7.462505037 37.92152099),130,62,63,PT16-59,T17-62,PT16-59,74,37.92152099,-7.46250504,216.085526,10352,8918,D,Undivided Devonian rocks
Portugal_sampling_locations_with_geo.32,32,POINT (-8.031221023 37.92130901),133,58,59,PT16-55,T17-58,PT16-55,70,37.92130901,-8.03122102,155.883636,10415,8986,D,Undivided Devonian rocks
Portugal_sampling_locations_with_geo.33,33,POINT (-8.683813037 37.71753799),134,47,48,PT16-44,T17-47,PT16-44,58,37.71753799,-8.68381304,210.960144,10429,8963,D,Undivided Devonian rocks
Portugal_sampling_locations_with_geo.34,34,POINT (-8.665650962 37.78859097),135,48,49,PT16-45,T17-48,PT16-45,60,37.78859097,-8.66565096,166.998825,10429,8963,D,Undivided Devonian rocks
Portugal_sampling_locations_with_geo.35,35,POINT (-8.947985983 39.45435198),45,114,115,#52 SA19-5-52_PT16-111,#58 SA18-8-51_Pt16-111,PT16-111,130,39.45435198,-8.94798598,190.812225,8074,7425,J,Undivided Jurassic rocks
Portugal_sampling_locations_with_geo.36,36,POINT (-8.547847001 39.89184198),46,129,130,SA18-5-3,T17-65,PT16-124,143,39.89184198,-8.547847,261.896149,8074,7425,J,Undivided Jurassic rocks
Portugal_sampling_locations_with_geo.37,37,POINT (-8.607325992 40.31382998),47,126,127,#62 SA19-5-62_PT16-121,T17-62,PT16-121,140,40.31382998,-8.60732599,99.993301,8075,7411,J,Undivided Jurassic rocks
Portugal_sampling_locations_with_geo.38,38,POINT (-9.465130968 38.76145399),90,9,10,PT16-7,T17-9,PT16-7,20,38.76145399,-9.46513097,213.567505,9446,8076,J,Undivided Jurassic rocks
Portugal_sampling_locations_with_geo.39,39,POINT (-9.092798028 38.46376299),109,78,79,#16 SA19-5-16_PT16-75,#22 SA18-8-15_Pt16-75,PT16-75,91,38.46376299,-9.09279803,164.197357,9794,8380,J,Undivided Jurassic rocks
Portugal_sampling_locations_with_geo.40,40,POINT (-8.818429001 37.09141804),140,20,21,PT16-17,T17-20,PT16-17,30,37.09141804,-8.818429,28.544977,10882,9453,J,Undivided Jurassic rocks
Portugal_sampling_locations_with_geo.41,41,POINT (-8.945146026 37.00314),141,22,23,PT16-19,T17-22,PT16-19,32,37.00314,-8.94514603,44.07653,10882,9453,J,Undivided Jurassic rocks
Portugal_sampling_locations_with_geo.42,42,POINT (-8.233836014 37.21682296),142,41,42,PT16-38,T17-41,PT16-38,51,37.21682296,-8.23383601,107.7855,10882,9453,J,Undivided Jurassic rocks
Portugal_sampling_locations_with_geo.43,43,POINT (-9.338726001 38.68075898),0,1,2,PT16-1-S2,T17-2,PT16-1-P2,15,38.68075898,-9.338726,-2.64063,9251,7952,K,Undivided Cretaceous rocks
Portugal_sampling_locations_with_geo.44,44,POINT (-9.338726001 38.68075898),1,2,3,PT16-2-S1,NO PLANT,PT16-2,15,38.68075898,-9.338726,-2.64063,9251,7952,K,Undivided Cretaceous rocks
Portugal_sampling_locations_with_geo.45,45,POINT (-9.338726001 38.68075898),2,3,4,PT16-2-S2,T17-3,PT16-2-s2,15,38.68075898,-9.338726,-2.64063,9251,7952,K,Undivided Cretaceous rocks
Portugal_sampling_locations_with_geo.46,46,POINT (-9.449465023 38.69530904),3,5,6,PT16-4,T17-5,PT16-4-P1,17,38.69530904,-9.44946502,20.676151,9251,7952,K,Undivided Cretaceous rocks
Portugal_sampling_locations_with_geo.47,47,POINT (-9.449465023 38.69530904),4,6,7,NO SOIL,T17-6,PT16-4-P2,17,38.69530904,-9.44946502,20.676151,9251,7952,K,Undivided Cretaceous rocks
Portugal_sampling_locations_with_geo.48,48,POINT (-8.490789961 40.55610504),38,118,119,{},#62 SA18-8-55_Pt16-115,PT16-115,134,40.55610504,-8.49078996,31.684053,7761,7284,K,Undivided Cretaceous rocks
Portugal_sampling_locations_with_geo.49,49,POINT (-8.490789961 40.55610504),39,120,121,#56 SA19-5-56_PT16-115,#62 SA18-8-55_Pt16-115,PT16-115,134,40.55610504,-8.49078996,31.684053,7761,7284,K,Undivided Cretaceous rocks
Portugal_sampling_locations_with_geo.50,50,POINT (-9.256558036 38.70177199),75,0,1,PT16-1-S1,T17-1,PT16-1-P1,14,38.70177199,-9.25655804,16.459009,9251,7952,K,Undivided Cretaceous rocks
Portugal_sampling_locations_with_geo.51,51,POINT (-9.438738031 38.70669996),76,4,5,PT16-3,T17-4,PT16-3,16,38.70669996,-9.43873803,52.027519,9251,7952,K,Undivided Cretaceous rocks
Portugal_sampling_locations_with_geo.52,52,POINT (-9.471337013 38.73629303),77,7,8,PT16-5,T17-7,PT16-5,18,38.73629303,-9.47133701,4.213926,9251,7952,K,Undivided Cretaceous rocks
Portugal_sampling_locations_with_geo.53,53,POINT (-9.467302971 38.73333396),78,8,9,PT16-6,T17-8,PT16-6,19,38.73333396,-9.46730297,20.823242,9251,7952,K,Undivided Cretaceous rocks
Portugal_sampling_locations_with_geo.54,54,POINT (-8.79578596 37.09199002),153,19,20,PT16-16,T17-19,PT16-16,29,37.09199002,-8.79578596,47.489239,10936,9497,K,Undivided Cretaceous rocks
Portugal_sampling_locations_with_geo.55,55,POINT (-8.813545033 37.07379098),154,21,22,PT16-18,T17-21,PT16-18,31,37.07379098,-8.81354503,12.252336,10936,9497,K,Undivided Cretaceous rocks
Portugal_sampling_locations_with_geo.56,56,POINT (-8.27028296 37.14662997),155,15,16,PT16-12,T17-15,PT16-12,25,37.14662997,-8.27028296,70.724899,10945,9530,K,Undivided Cretaceous rocks
Portugal_sampling_locations_with_geo.57,57,POINT (-7.869015019 37.11700799),156,31,32,PT16-28,T17-31,PT16-28,41,37.11700799,-7.86901502,177.230942,11039,9671,K,Undivided Cretaceous rocks
Portugal_sampling_locations_with_geo.58,58,POINT (-8.598153004 37.12432003),6,18,19,PT16-15,T17-18,PT16-15,28,37.12432003,-8.598153,10.385256,10917,9486,N,Neogene rocks
Portugal_sampling_locations_with_geo.59,59,POINT (-7.996031027 37.008346),7,29,30,PT16-26,T17-29,PT16-26,39,37.008346,-7.99603103,13.174605,10917,9486,N,Neogene rocks
Portugal_sampling_locations_with_geo.60,60,POINT (-7.993603041 37.01029999),8,30,31,PT16-27,T17-30,PT16-27,40,37.01029999,-7.99360304,8.008595,10917,9486,N,Neogene rocks
Portugal_sampling_locations_with_geo.61,61,POINT (-8.630765984 40.60702301),42,121,122,#57 SA19-5-57_PT16-116,#63 SA18-8-56_Pt16-116,PT16-116,135,40.60702301,-8.63076598,34.523926,7845,7325,N,Neogene rocks
Portugal_sampling_locations_with_geo.62,62,POINT (-8.710463969 40.45564701),43,125,126,#61 SA19-5-61_PT16-120,#04 SA18-8-60_Pt16-120,PT16-120,139,40.45564701,-8.71046397,25.382122,7845,7325,N,Neogene rocks
Portugal_sampling_locations_with_geo.63,63,POINT (-8.80315097 39.93031198),44,127,128,SA18-5-1,T17-63,PT16-122,141,39.93031198,-8.80315097,73.48819,7845,7325,N,Neogene rocks
Portugal_sampling_locations_with_geo.64,64,POINT (-7.282103011 39.84689998),52,133,134,SA18-5-7,T17-69,PT16-128,147,39.84689998,-7.28210301,208.60585,8779,7819,N,Neogene rocks
Portugal_sampling_locations_with_geo.65,65,POINT (-8.809183007 39.29215704),53,112,113,#50 SA19-5-50_PT16-109,#56 SA18-8-49_Pt16-109,PT16-109,127,39.29215704,-8.80918301,122.559708,8857,7801,N,Neogene rocks
Portugal_sampling_locations_with_geo.66,66,POINT (-8.801421029 39.28208199),54,113,114,#51 SA19-5-51_PT16-110,#57 SA18-8-50_Pt16-110,PT16-110,128,39.28208199,-8.80142103,87.761108,8857,7801,N,Neogene rocks
Portugal_sampling_locations_with_geo.67,67,POINT (-8.863227004 37.95099101),55,49,50,PT16-46,T17-49,PT16-46,61,37.95099101,-8.863227,7.143756,8908,7834,N,Neogene rocks
Portugal_sampling_locations_with_geo.68,68,POINT (-8.877978986 37.96503799),56,50,51,PT16-47,T17-50,PT16-47,62,37.96503799,-8.87797899,21.978813,8908,7834,N,Neogene rocks
Portugal_sampling_locations_with_geo.69,69,POINT (-8.742083022 38.003668),57,51,52,PT16-48,T17-51,PT16-48,63,38.003668,-8.74208302,79.924049,8908,7834,N,Neogene rocks
Portugal_sampling_locations_with_geo.70,70,POINT (-8.297604024 38.10494796),58,73,74,#11 SA19-5-11_PT16-70,#17 SA18-8-10_Pt16-70,PT16-70,86,38.10494796,-8.29760402,75.229034,8908,7834,N,Neogene rocks
Portugal_sampling_locations_with_geo.71,71,POINT (-8.540872 38.21384498),59,74,75,#12 SA19-5-12_PT16-71,#18 SA18-8-11_Pt16-71,PT16-71,87,38.21384498,-8.540872,84.476387,8908,7834,N,Neogene rocks
Portugal_sampling_locations_with_geo.72,72,POINT (-8.735840013 38.30382203),60,75,76,#13 SA19-5-13_PT16-72,#19 SA18-8-12_Pt16-72,PT16-72,88,38.30382203,-8.73584001,31.433937,8908,7834,N,Neogene rocks
Portugal_sampling_locations_with_geo.73,73,POINT (-8.798578978 38.38406601),61,76,77,#14 SA19-5-14_PT16-73,#20 SA18-8-13_Pt16-73,PT16-73,89,38.38406601,-8.79857898,18.981718,8908,7834,N,Neogene rocks
Portugal_sampling_locations_with_geo.74,74,POINT (-8.821053039 38.422663),62,77,78,#15 SA19-5-15_PT16-74,#21 SA18-8-14_Pt16-74,PT16-74,90,38.422663,-8.82105304,9.179418,8908,7834,N,Neogene rocks
Portugal_sampling_locations_with_geo.75,75,POINT (-9.101051018 38.52663397),63,79,80,#17 SA19-5-17_PT16-76,#23 SA18-8-16_Pt16-76,PT16-76,92,38.52663397,-9.10105102,49.264282,8908,7834,N,Neogene rocks
Portugal_sampling_locations_with_geo.76,76,POINT (-9.098881027 38.53875898),64,80,81,#18 SA19-5-18_PT16-77,#24 SA18-8-17_Pt16-77,PT16-77,93,38.53875898,-9.09888103,60.736359,8908,7834,N,Neogene rocks
Portugal_sampling_locations_with_geo.77,77,POINT (-8.881940022 38.64106396),65,81,82,#19 SA19-5-19_PT16-78,#25 SA18-8-18_Pt16-78,PT16-78,94,38.64106396,-8.88194002,41.390526,8908,7834,N,Neogene rocks
Portugal_sampling_locations_with_geo.78,78,POINT (-7.925323974 39.42605803),66,104,105,#42 SA19-5-42_PT16-101,#48 SA18-8-41_Pt16-101,PT16-101,118,39.42605803,-7.92532397,311.974823,8908,7834,N,Neogene rocks
Portugal_sampling_locations_with_geo.79,79,POINT (-8.02734104 39.31765404),67,105,106,#43 SA19-5-43_PT16-102,#49 SA18-8-42_Pt16-102,PT16-102,119,39.31765404,-8.02734104,218.659866,8908,7834,N,Neogene rocks
Portugal_sampling_locations_with_geo.80,80,POINT (-8.320496008 39.128362),68,106,107,#44 SA19-5-44_PT16-103,#50 SA18-8-43_Pt16-103,PT16-103,120,39.128362,-8.32049601,180.967178,8908,7834,N,Neogene rocks
Portugal_sampling_locations_with_geo.81,81,POINT (-8.421528032 38.89134197),69,108,109,#46 SA19-5-46_PT16-105,#52 SA18-8-45_Pt16-105,PT16-105,122,38.89134197,-8.42152803,115.128502,8908,7834,N,Neogene rocks
Portugal_sampling_locations_with_geo.82,82,POINT (-8.699960019 38.79687198),70,109,110,#47 SA19-5-47_PT16-106,#53 SA18-8-46_Pt16-106,PT16-106,123,38.79687198,-8.69996002,64.168732,8908,7834,N,Neogene rocks
Portugal_sampling_locations_with_geo.83,83,POINT (-8.733376991 38.837143),71,110,111,#48 SA19-5-48_PT16-107,#54 SA18-8-47_Pt16-107,PT16-107,124,38.837143,-8.73337699,56.429375,8908,7834,N,Neogene rocks
Portugal_sampling_locations_with_geo.84,84,POINT (-7.854142003 38.93846101),103,101,102,#39 SA19-5-39_PT16-98,#45 SA18-8-38_Pt16-98,PT16-98,115,38.93846101,-7.854142,223.455673,9573,8279,N,Neogene rocks
Portugal_sampling_locations_with_geo.85,85,POINT (-7.592009967 38.12602996),129,69,70,#07 SA19-5-7_PT16-66,#13 SA18-8-6_Pt16-66,PT16-66,81,38.12602996,-7.59200997,141.831787,10312,8913,N,Neogene rocks
Portugal_sampling_locations_with_geo.86,86,POINT (-8.710307982 37.51991903),136,45,46,PT16-42,T17-45,PT16-42,55,37.51991903,-8.71030798,163.302017,10512,9033,N,Neogene rocks
Portugal_sampling_locations_with_geo.87,87,POINT (-8.726885961 37.61934701),137,46,47,PT16-43,T17-46,PT16-43,57,37.61934701,-8.72688596,76.146362,10512,9033,N,Neogene rocks
Portugal_sampling_locations_with_geo.88,88,POINT (-8.359848037 37.71513901),138,56,57,PT16-53,T17-56,PT16-53,68,37.71513901,-8.35984804,140.802185,10524,9073,N,Neogene rocks
Portugal_sampling_locations_with_geo.89,89,POINT (-8.255309025 37.09448397),143,12,13,PT16-10,T17-12,PT16-10,23,37.09448397,-8.25530903,51.834381,10917,9486,N,Neogene rocks
Portugal_sampling_locations_with_geo.90,90,POINT (-8.249295009 37.12784302),144,13,14,PT16-11 S1,T17-13,PT16-11,24,37.12784302,-8.24929501,92.628403,10917,9486,N,Neogene rocks
Portugal_sampling_locations_with_geo.91,91,POINT (-8.249295009 37.12784302),145,14,15,PT16-11 S2,NO PLANT,PT16-11,24,37.12784302,-8.24929501,92.628403,10917,9486,N,Neogene rocks
Portugal_sampling_locations_with_geo.92,92,POINT (-8.345059007 37.12508697),146,16,17,PT16-13,T17-16,PT16-13,26,37.12508697,-8.34505901,18.641563,10917,9486,N,Neogene rocks
Portugal_sampling_locations_with_geo.93,93,POINT (-8.589596003 37.13710402),147,17,18,PT16-14,T17-17,PT16-14,27,37.13710402,-8.589596,33.654453,10917,9486,N,Neogene rocks
Portugal_sampling_locations_with_geo.94,94,POINT (-7.977898959 37.021807),148,28,29,PT16-25,T17-28,PT16-25,38,37.021807,-7.97789896,16.239697,10917,9486,N,Neogene rocks
Portugal_sampling_locations_with_geo.95,95,POINT (-7.77953703 37.05460103),149,32,33,PT16-29,T17-32,PT16-29,42,37.05460103,-7.77953703,22.395271,10917,9486,N,Neogene rocks
Portugal_sampling_locations_with_geo.96,96,POINT (-7.747429982 37.05244596),150,33,34,PT16-30,T17-33,PT16-30,43,37.05244596,-7.74742998,7.10784,10917,9486,N,Neogene rocks
Portugal_sampling_locations_with_geo.97,97,POINT (-7.74440797 37.05070797),151,34,35,PT16-31,T17-34,PT16-31,44,37.05070797,-7.74440797,9.043842,10917,9486,N,Neogene rocks
Portugal_sampling_locations_with_geo.98,98,POINT (-7.684947001 37.09902797),152,35,36,PT16-32,T17-35,PT16-32,45,37.09902797,-7.684947,33.581238,10917,9486,N,Neogene rocks
Portugal_sampling_locations_with_geo.99,99,POINT (-8.304541977 39.757669),51,130,131,SA18-5-4,T17-66,PT16-125,144,39.757669,-8.30454198,302.311737,8612,7688,pCm,Undivided Precambrian rocks (Sedimentary and metamorphic rocks are not differentiated)
Portugal_sampling_locations_with_geo.100,100,POINT (-6.846228037 40.52861801),37,137,138,SA18-5-11,T17-73,PT16-132,151,40.52861801,-6.84622804,829.3974,7672,7371,Pg,Paleogene rocks
Portugal_sampling_locations_with_geo.101,101,POINT (-8.071203958 40.45762698),13,116,117,#54 SA19-5-54_PT16-113,#60 SA18-8-53_Pt16-113,PT16-113,132,40.45762698,-8.07120396,216.630112,6260,6610,Pzi,Paleozoic intrusive igneous rocks
Portugal_sampling_locations_with_geo.102,102,POINT (-7.28177201 40.44234099),14,136,137,SA18-5-10,T17-72,PT16-131,150,40.44234099,-7.28177201,619.742859,6260,6610,Pzi,Paleozoic intrusive igneous rocks
Portugal_sampling_locations_with_geo.103,103,POINT (-6.870458024 40.68386704),15,138,139,SA18-5-12,T17-74,PT16-133,152,40.68386704,-6.87045802,783.889038,6260,6610,Pzi,Paleozoic intrusive igneous rocks
Portugal_sampling_locations_with_geo.104,104,POINT (-6.937271012 40.92348101),16,139,140,SA18-5-13,T17-75,PT16-134,153,40.92348101,-6.93727101,571.942139,6260,6610,Pzi,Paleozoic intrusive igneous rocks
Portugal_sampling_locations_with_geo.105,105,POINT (-7.270317972 40.73299002),17,140,141,SA18-5-14,T17-76,PT16-135,154,40.73299002,-7.27031797,671.691223,6260,6610,Pzi,Paleozoic intrusive igneous rocks
Portugal_sampling_locations_with_geo.106,106,POINT (-7.75892199 40.62057998),18,141,142,SA18-5-15,T17-77,PT16-136,155,40.62057998,-7.75892199,533.428833,6260,6610,Pzi,Paleozoic intrusive igneous rocks
Portugal_sampling_locations_with_geo.107,107,POINT (-7.409399981 40.94204801),19,142,143,SA18-5-16,T17-78,PT16-137,156,40.94204801,-7.40939998,752.038513,6260,6610,Pzi,Paleozoic intrusive igneous rocks
Portugal_sampling_locations_with_geo.108,108,POINT (-8.209435036 41.24567097),20,151,152,SA18-5-25,T17-87,PT16-146,165,41.24567097,-8.20943504,360.868408,6260,6610,Pzi,Paleozoic intrusive igneous rocks
Portugal_sampling_locations_with_geo.109,109,POINT (-8.639388029 41.28367301),21,152,153,SA18-5-26,T17-88,PT16-147,166,41.28367301,-8.63938803,154.391174,6260,6610,Pzi,Paleozoic intrusive igneous rocks
Portugal_sampling_locations_with_geo.110,110,POINT (-8.492671028 41.46266897),22,153,154,SA18-5-27,T17-89,PT16-148,167,41.46266897,-8.49267103,274.355591,6260,6610,Pzi,Paleozoic intrusive igneous rocks
Portugal_sampling_locations_with_geo.111,111,POINT (-8.413220979 41.73219703),23,155,156,SA18-5-29,T17-91,PT16-150,171,41.73219703,-8.41322098,316.962097,6260,6610,Pzi,Paleozoic intrusive igneous rocks
Portugal_sampling_locations_with_geo.112,112,POINT (-8.105632961 41.29338001),24,156,157,SA18-5-30,T17-92,PT16-151,172,41.29338001,-8.10563296,295.266449,6260,6610,Pzi,Paleozoic intrusive igneous rocks
Portugal_sampling_locations_with_geo.113,113,POINT (-7.469319021 39.92152196),50,132,133,SA18-5-6,T17-68,PT16-127,146,39.92152196,-7.46931902,381.098694,8576,7709,Pzi,Paleozoic intrusive igneous rocks
Portugal_sampling_locations_with_geo.114,114,POINT (-7.637981018 39.41468496),74,103,104,#41 SA19-5-41_PT16-100,#47 SA18-8-40_Pt16-100,PT16-100,117,39.41468496,-7.63798102,339.353455,9070,7919,Pzi,Paleozoic intrusive igneous rocks
Portugal_sampling_locations_with_geo.115,115,POINT (-7.266170019 38.99159599),91,96,97,#34 SA19-5-34_PT16-93,#40 SA18-8-33_Pt16-93,PT16-93,110,38.99159599,-7.26617002,300.944336,9525,8267,Pzi,Paleozoic intrusive igneous rocks
Portugal_sampling_locations_with_geo.116,116,POINT (-8.04938796 38.60356702),105,85,86,#23 SA19-5-23_PT16-82,#29 SA18-8-22_Pt16-82,PT16-82,98,38.60356702,-8.04938796,380.898285,9776,8406,Pzi,Paleozoic intrusive igneous rocks
Portugal_sampling_locations_with_geo.117,117,POINT (-7.998813987 38.64394097),106,98,99,#36 SA19-5-36_PT16-95,#42 SA18-8-35_Pt16-95,PT16-95,112,38.64394097,-7.99881399,358.85907,9776,8406,Pzi,Paleozoic intrusive igneous rocks
Portugal_sampling_locations_with_geo.118,118,POINT (-7.87014599 37.98177699),126,59,60,PT16-56,T17-59,PT16-56,71,37.98177699,-7.87014599,239.624039,10291,8866,Pzi,Paleozoic intrusive igneous rocks
Portugal_sampling_locations_with_geo.119,119,POINT (-7.734185988 37.97586196),127,61,62,PT16-58,T17-61,PT16-58,73,37.97586196,-7.73418599,175.494934,10291,8866,Pzi,Paleozoic intrusive igneous rocks
Portugal_sampling_locations_with_geo.120,120,POINT (-7.863099994 38.051888),128,71,72,#09 SA19-5-9_PT16-68,#15 SA18-8-8_Pt16-68,PT16-68,84,38.051888,-7.86309999,205.926788,10291,8866,Pzi,Paleozoic intrusive igneous rocks
Portugal_sampling_locations_with_geo.121,121,POINT (-8.185359025 37.88494103),132,53,54,PT16-50,T17-53,PT16-50,65,37.88494103,-8.18535903,160.293579,10414,8985,Pzi,Paleozoic intrusive igneous rocks
Portugal_sampling_locations_with_geo.122,122,POINT (-6.74577998 41.33002602),10,145,146,SA18-5-19,T17-81,PT16-140,159,41.33002602,-6.74577998,654.211182,6255,6631,Pzm,Paleozoic metamorphic rocks
Portugal_sampling_locations_with_geo.123,123,POINT (-7.31796599 41.63428299),11,149,150,SA18-5-23,T17-85,PT16-144,163,41.63428299,-7.31796599,570.780396,6255,6631,Pzm,Paleozoic metamorphic rocks
Portugal_sampling_locations_with_geo.124,124,POINT (-7.354221996 41.44358003),12,150,151,SA18-5-24,T17-86,PT16-145,164,41.44358003,-7.354222,667.128723,6255,6631,Pzm,Paleozoic metamorphic rocks
Portugal_sampling_locations_with_geo.125,125,POINT (-7.313576974 38.02244204),92,63,64,#01 SA19-5-1_PT16-60,,PT16-60,75,38.02244204,-7.31357697,327.34375,9534,8223,Pzm,Paleozoic metamorphic rocks
Portugal_sampling_locations_with_geo.126,126,POINT (-7.361145029 38.01431503),93,64,65,#02 SA19-5-2_PT16-61,#08 SA18-8-1_Pt16-61,PT16-61,76,38.01431503,-7.36114503,289.505737,9534,8223,Pzm,Paleozoic metamorphic rocks
Portugal_sampling_locations_with_geo.127,127,POINT (-7.360582016 38.01436801),94,65,66,#03 SA19-5-3_PT16-62,#09 SA18-8-2_Pt16-62,PT16-62,77,38.01436801,-7.36058202,290.523041,9534,8223,Pzm,Paleozoic metamorphic rocks
Portugal_sampling_locations_with_geo.128,128,POINT (-7.491556965 38.13391699),95,68,69,#06 SA19-5-6_PT16-65,#12 SA18-8-5_Pt16-65,PT16-65,80,38.13391699,-7.49155697,183.501862,9534,8223,Pzm,Paleozoic metamorphic rocks
Portugal_sampling_locations_with_geo.129,129,POINT (-7.73216201 38.08555702),96,70,71,#08 SA19-5-8_PT16-67,#14 SA18-8-7_Pt16-67,PT16-67,83,38.08555702,-7.73216201,173.026138,9534,8223,Pzm,Paleozoic metamorphic rocks
Portugal_sampling_locations_with_geo.130,130,POINT (-8.359095007 38.64969498),97,82,83,#20 SA19-5-20_PT16-79,#26 SA18-8-19_Pt16-79,PT16-79,95,38.64969498,-8.35909501,195.980804,9534,8223,Pzm,Paleozoic metamorphic rocks
Portugal_sampling_locations_with_geo.131,131,POINT (-8.279553009 38.59458597),98,83,84,#21 SA19-5-21_PT16-80,#27 SA18-8-20_Pt16-80,PT16-80,96,38.59458597,-8.27955301,288.895874,9534,8223,Pzm,Paleozoic metamorphic rocks
Portugal_sampling_locations_with_geo.132,132,POINT (-8.323472003 38.49663103),99,84,85,#22 SA19-5-22_PT16-81,#28 SA18-8-21_Pt16-81,PT16-81,97,38.49663103,-8.323472,179.437271,9534,8223,Pzm,Paleozoic metamorphic rocks
Portugal_sampling_locations_with_geo.133,133,POINT (-7.935914006 38.43346098),100,86,87,#24 SA19-5-24_PT16-83,#30 SA18-8-23_Pt16-83,PT16-83,99,38.43346098,-7.93591401,227.076019,9534,8223,Pzm,Paleozoic metamorphic rocks
Portugal_sampling_locations_with_geo.134,134,POINT (-8.202142026 38.74554497),101,99,100,#37 SA19-5-37_PT16-96,#43 SA18-8-36_Pt16-96,PT16-96,113,38.74554497,-8.20214203,221.219299,9534,8223,Pzm,Paleozoic metamorphic rocks
Portugal_sampling_locations_with_geo.135,135,POINT (-7.990954025 38.77204796),102,100,101,#38 SA19-5-38_PT16-97,#44 SA18-8-37_Pt16-97,PT16-97,114,38.77204796,-7.99095402,232.9077,9534,8223,Pzm,Paleozoic metamorphic rocks
Portugal_sampling_locations_with_geo.136,136,POINT (-7.869750028 37.88964101),131,60,61,PT16-57,T17-60,PT16-57,72,37.88964101,-7.86975003,163.192291,10396,8971,Pzm,Paleozoic metamorphic rocks
Portugal_sampling_locations_with_geo.137,137,POINT (-7.028817991 39.86343898),48,134,135,SA18-5-8,T17-70,PT16-129,148,39.86343898,-7.02881799,406.066193,8283,7610,PzpCm,Paleozoic through Precambrian rocks
Portugal_sampling_locations_with_geo.138,138,POINT (-8.669773014 41.92022801),26,154,155,SA18-5-28,T17-90,PT16-149,168,41.92022801,-8.66977301,374.136383,6489,6694,PzpCmm,Paleozoic through Precambrian metamorphic rocks
Portugal_sampling_locations_with_geo.139,139,POINT (-6.43194099 41.64721702),27,147,148,SA18-5-21,T17-83,PT16-142,161,41.64721702,-6.43194099,723.390442,7193,7060,PzpCmm,Paleozoic through Precambrian metamorphic rocks
Portugal_sampling_locations_with_geo.140,140,POINT (-6.767270006 41.42189696),30,146,147,SA18-5-20,T17-82,PT16-141,160,41.42189696,-6.76727001,369.581726,7339,7126,Pzv,Paleozoic volcanic rocks
Portugal_sampling_locations_with_geo.141,141,POINT (-8.012882005 38.11263199),110,72,73,#10 SA19-5-10_PT16-69,#16 SA18-8-9_Pt16-69,PT16-69,85,38.11263199,-8.012882,140.326233,9903,8494,Pzv,Paleozoic volcanic rocks
Portugal_sampling_locations_with_geo.142,142,POINT (-7.408447964 37.17788097),9,36,37,PT16-33,T17-36,PT16-33,46,37.17788097,-7.40844796,14.669325,10854,9649,Q,Undivided Quaternary rocks
Portugal_sampling_locations_with_geo.143,143,POINT (-8.684946019 40.61951196),40,122,123,#58 SA19-5-58_PT16-117,#01 SA18-8-57_Pt16-117,PT16-117,136,40.61951196,-8.68494602,-4.746861,7802,7303,Q,Undivided Quaternary rocks
Portugal_sampling_locations_with_geo.144,144,POINT (-8.687110981 40.60313104),41,123,124,#59 SA19-5-59_PT16-118,#02 SA18-8-58_Pt16-118,PT16-118,137,40.60313104,-8.68711098,-7.280553,7802,7303,Q,Undivided Quaternary rocks
Portugal_sampling_locations_with_geo.145,145,POINT (-8.913775999 39.90554203),49,128,129,SA18-5-2,T17-64,PT16-123,142,39.90554203,-8.913776,31.288879,8319,7518,Q,Undivided Quaternary rocks
Portugal_sampling_locations_with_geo.146,146,POINT (-8.608553018 39.13235497),72,107,108,#45 SA19-5-45_PT16-104,#51 SA18-8-44_Pt16-104,PT16-104,121,39.13235497,-8.60855302,70.405472,9003,7867,Q,Undivided Quaternary rocks
Portugal_sampling_locations_with_geo.147,147,POINT (-8.881483963 38.89508701),73,111,112,#49 SA19-5-49_PT16-108,#55 SA18-8-48_Pt16-108,PT16-108,125,38.89508701,-8.88148396,13.86425,9003,7867,Q,Undivided Quaternary rocks
Portugal_sampling_locations_with_geo.148,148,POINT (-6.653907029 41.79995298),25,148,149,SA18-5-22,T17-84,PT16-143,162,41.79995298,-6.65390703,686.09729,6456,6719,SO,Silurian through Ordovician rocks
Portugal_sampling_locations_with_geo.149,149,POINT (-7.139805034 38.08473702),82,66,67,#04 SA19-5-4_PT16-63,#10 SA18-8-3_Pt16-63,PT16-63,78,38.08473702,-7.13980503,280.82309,9406,8147,SO,Silurian through Ordovician rocks
Portugal_sampling_locations_with_geo.150,150,POINT (-7.522705961 38.38635997),83,87,88,#25 SA19-5-25_PT16-84,#31 SA18-8-24_Pt16-84,PT16-84,100,38.38635997,-7.52270596,223.247696,9406,8147,SO,Silurian through Ordovician rocks
Portugal_sampling_locations_with_geo.151,151,POINT (-7.524140021 38.32963703),84,88,89,#26 SA19-5-26_PT16-85,#32 SA18-8-25_Pt16-85,PT16-85,101,38.32963703,-7.52414002,239.786102,9406,8147,SO,Silurian through Ordovician rocks
Portugal_sampling_locations_with_geo.152,152,POINT (-7.373720985 38.40099896),85,89,90,#27 SA19-5-27_PT16-86,#33 SA18-8-26_Pt16-86,PT16-86,103,38.40099896,-7.37372099,164.930939,9406,8147,SO,Silurian through Ordovician rocks
Portugal_sampling_locations_with_geo.153,153,POINT (-7.293370971 38.34993398),86,90,91,#28 SA19-5-28_PT16-87,#34 SA18-8-27_Pt16-87,PT16-87,104,38.34993398,-7.29337097,175.388321,9406,8147,SO,Silurian through Ordovician rocks
Portugal_sampling_locations_with_geo.154,154,POINT (-7.406749958 38.65830202),87,92,93,#30 SA19-5-30_PT16-89,#36 SA18-8-29_Pt16-89,PT16-89,106,38.65830202,-7.40674996,254.065933,9406,8147,SO,Silurian through Ordovician rocks
Portugal_sampling_locations_with_geo.155,155,POINT (-7.782965982 38.82253996),88,97,98,#35 SA19-5-35_PT16-94,#41 SA18-8-34_Pt16-94,PT16-94,111,38.82253996,-7.78296598,235.668472,9406,8147,SO,Silurian through Ordovician rocks
Portugal_sampling_locations_with_geo.156,156,POINT (-8.670901973 38.03338797),125,52,53,PT16-49,T17-52,PT16-49,64,38.03338797,-8.67090197,259.155548,10132,8661,SO,Silurian through Ordovician rocks
Portugal_sampling_locations_with_geo.157,157,POINT (-8.889010996 37.12339399),139,23,24,PT16-20,T17-23,PT16-20,33,37.12339399,-8.889011,146.422989,10861,9418,SO,Silurian through Ordovician rocks
